From	Entry
ZPBP	Q29108
ZPBP	Q62522
ZPBP	Q9BS86
FAM129B	B4F7E8
FAM129B	Q8R1F1
FAM129B	Q96TA1
ALDH8A1	Q0P5F9
ALDH8A1	Q66I21
ALDH8A1	Q8BH00
ALDH8A1	Q9H2A2
H2AFY	O75367
H2AFY	Q02874
H2AFY	Q9QZQ8
NT5DC3	A4IHT9
NT5DC3	Q3UHB1
NT5DC3	Q6GN91
NT5DC3	Q86UY8
GPR150	Q8BL07
GPR150	Q8NGU9
DUSP27	F1QWM2
DUSP27	Q148W8
DUSP27	Q5VZP5
DUSP27	Q68J44
DUSP27	Q8BK84
FLG	P11088
FLG	P11362
FLG	P16092
FLG	P20930
FLG	P25932
FLG	Q04589
C11orf84	Q9BUA3
ACRBP	Q29016
ACRBP	Q3V140
ACRBP	Q60485
ACRBP	Q6AY33
ACRBP	Q8NEB7
RNF219	Q5RD97
RNF219	Q5W0B1
RNF219	Q8K2Y0
HAPLN4	Q80WM4
HAPLN4	Q86UW8
ZNF761	Q86XN6
CRTAP	O75718
CRTAP	Q90830
CRTAP	Q9CYD3
C12orf43	Q96C57
FAM198B	P86275
FAM198B	Q3UPI1
FAM198B	Q6P7B4
FAM198B	Q6UWH4
H1FX	Q92522
IL17A	Q16552
IL17A	Q60I29
IL17A	Q61453
IL17A	Q62386
IL17A	Q687Y7
FGFR1OP	O95684
FGFR1OP	Q2YDD1
FGFR1OP	Q4R7V3
FGFR1OP	Q4V7C1
FGFR1OP	Q66JX5
MKL1	Q8AYC2
MKL1	Q8K4J6
MKL1	Q969V6
MTSS1L	Q6P9S0
MTSS1L	Q765P7
KIAA1468	Q08BT5
KIAA1468	Q148V7
KIAA1468	Q9P260
ALKBH7	Q2M2S8
ALKBH7	Q9BT30
ALKBH7	Q9D6Z0
CAPN7	A0FKG7
CAPN7	Q9R1S8
CAPN7	Q9Y6W3
ATP5H	O75947
ATP5H	P13620
ATP5H	P31399
ATP5H	Q9DCX2
HIST1H1B	D3ZBN0
HIST1H1B	P16401
HIST1H1B	P43276
RASAL1	O95294
RASAL1	Q9Z268
GRASP	Q7Z6J2
GRASP	Q8R4T5
GRASP	Q9JJA9
CENPBD1	B2RD01
ATG3	A1CAN8
ATG3	A1DF15
ATG3	A3LX85
ATG3	A5DN42
ATG3	A5DVH6
ATG3	A6S8P6
ATG3	A6ZS81
ATG3	A7F172
ATG3	A7KAI2
ATG3	A7KAL4
ATG3	A7TK16
ATG3	C8VDI2
ATG3	F7VSU2
ATG3	G2XNY3
ATG3	I1RX50
ATG3	M7UQV4
ATG3	O43035
ATG3	P0CM34
ATG3	P0CM35
ATG3	P40344
ATG3	Q0U388
ATG3	Q0VCL3
ATG3	Q0WWQ1
ATG3	Q2H427
ATG3	Q2U7R4
ATG3	Q4WUE5
ATG3	Q51LD2
ATG3	Q550A8
ATG3	Q5ABQ7
ATG3	Q5I0S6
ATG3	Q6AZ50
ATG3	Q6BSC4
ATG3	Q6C4Q9
ATG3	Q6CL19
ATG3	Q6FQJ2
ATG3	Q6GQE7
ATG3	Q6PFS7
ATG3	Q755K1
ATG3	Q7SDY2
ATG3	Q9CPX6
ATG3	Q9NT62
ATG3	W0TEF9
C19orf57	Q0VDD7
CD97	P48960
CD97	Q8SQA4
CD97	Q9Z0M6
GOLGA8N	F8WBI6
KIAA1211L	Q6NV74
OTUD6B	Q5M8L0
OTUD6B	Q5ZIP6
OTUD6B	Q6GM06
OTUD6B	Q7ZV00
OTUD6B	Q8K2H2
OTUD6B	Q8N6M0
HLA-DPA1	P20036
SEMA5B	Q60519
SEMA5B	Q9P283
MYBPHL	A2RUH7
MYBPHL	Q5FW53
MYBPHL	Q5PQM4
KIF18B	Q4KLL9
KIF18B	Q5ZLK6
KIF18B	Q6PFD6
KIF18B	Q86Y91
NYNRIN	Q5DTZ0
NYNRIN	Q9P2P1
TRIM38	O00635
TRIM38	Q58DK8
TRIM38	Q5SZ99
IARS	P41252
IARS	Q8BU30
KIAA0355	O15063
CTAGE5	Q91ZV0
CTAGE5	Q96PC5
C2CD4B	A6NLJ0
KRT16	P08779
KRT16	Q9Z2K1
KRT14	P02533
KRT14	P05785
KRT14	Q61781
KRT14	Q6IFV1
KRT14	Q6PVZ1
KRT23	Q99PS0
KRT23	Q9C075
KRT75	O95678
KRT75	Q08D91
KRT75	Q6IG05
KRT75	Q8BGZ7
FAM129A	Q3UW53
FAM129A	Q9BZQ8
FAM129A	Q9ESN0
RP1	O49562
RP1	P49842
RP1	P56715
RP1	P56716
RP1	Q15555
RP1	Q8MJ03
RP1	Q8MJ04
RP1	Q8MJ05
RP1	Q8MJ06
RP1	Q9JHN8
KLHL38	Q1LYM6
KLHL38	Q2WGJ6
KLHL38	Q5BK60
KLHL38	Q8BSF5
FAM109A	D3ZL52
FAM109A	Q8BH49
FAM109A	Q8N4B1
CD200R1	A5D7V5
CD200R1	Q8TD46
CD200R1	Q9ES57
CD200R1	Q9ES58
HIST1H1C	P15864
HIST1H1C	P16403
DNTT	A4PCD4
DNTT	O02789
DNTT	O57486
DNTT	P04053
DNTT	P06526
DNTT	P09838
DNTT	P36195
DNTT	P42118
DNTT	Q92089
SLC25A42	P0C546
SLC25A42	Q05AQ3
SLC25A42	Q0P483
SLC25A42	Q5PQ27
SLC25A42	Q86VD7
SLC25A42	Q8R0Y8
CNK3/IPCEF1	G9CGD6
TMEM88	A5D7M7
TMEM88	Q6PEY1
TMEM88	Q9D0N8
CXorf67	Q86X51
C12orf45	Q8N5I9
ELMSAN1	Q6PJG2
WDR97	A6NE52
SSFA2	P28290
SSFA2	Q5REU9
SSFA2	Q922B9
C7orf57	Q8NEG2
CCDC168	Q8NDH2
SPTBN5	Q9NRC6
ARHGAP12	Q8C0D4
ARHGAP12	Q8IWW6
ARHGAP12	Q9BE31
CCDC39	A8IQE0
CCDC39	D3Z8K2
CCDC39	E1BM70
CCDC39	E2R1I5
CCDC39	P0CK98
CCDC39	Q0V9R4
CCDC39	Q9D5Y1
CCDC39	Q9UFE4
PAPD4	Q0VFA3
PAPD4	Q503I9
PAPD4	Q6PIY7
PAPD4	Q91YI6
SLC4A7	Q8BTY2
SLC4A7	Q9R1N3
SLC4A7	Q9Y6M7
CSKMT	A8MUP2
CSKMT	Q501S4
CSKMT	Q5RCI5
HDC	A3M7A4
HDC	A7MVI6
HDC	B0VBU8
HDC	B2HVG6
HDC	B7GZJ8
HDC	B7I459
HDC	P05034
HDC	P0C2E5
HDC	P16453
HDC	P19113
HDC	P23738
HDC	P28577
HDC	P28578
HDC	P54772
HDC	P95477
HDC	Q05733
HDC	Q0TU55
HDC	Q1IAK7
HDC	Q56581
HDC	Q5EA83
HDC	Q8L0Z4
HDC	Q98A07
HDC	Q9N2M8
HDC	Q9UBI9
FAM207A	P58468
FAM207A	Q9NSI2
C7orf26	Q96N11
LPIN1	Q14693
LPIN1	Q91ZP3
VWA3B	Q502W6
CLNK	Q7Z7G1
CLNK	Q9QZE2
FAM186A	A6NE01
FAM186A	Q9D9R9
CHST13	Q8NET6
FAM208A	Q2T9I9
FAM208A	Q69ZR9
FAM208A	Q9UK61
AP1B1	O35643
AP1B1	P52303
AP1B1	Q10567
AP1B1	Q54X82
CNGA3	Q16281
CNGA3	Q29441
CNGA3	Q9JJZ8
CFAP44	A8J1V4
CFAP44	E9Q5M6
CFAP44	Q57WH1
CFAP44	Q96MT7
ZGLP1	P0C6A0
ZGLP1	Q1WG82
ST5	P78524
ST5	Q924W7
CCDC144A	A2RUR9
KRT13	P08730
KRT13	P13646
KRT13	Q5K2P4
KRT13	Q6IFV4
KRT13	Q8JFQ6
SPRYD3	Q5RBR6
SPRYD3	Q8NCJ5
CNTN2	P22063
CNTN2	P28685
CNTN2	Q02246
CNTN2	Q61330
DNAAF4	Q5VJS5
DNAAF4	Q6AZN0
DNAAF4	Q863A4
DNAAF4	Q863A5
DNAAF4	Q863A6
DNAAF4	Q863A7
DNAAF4	Q8R368
DNAAF4	Q8WXU2
NUPL2	O15504
NUPL2	Q5FVW4
NUPL2	Q5RB98
NUPL2	Q5XGN1
NUPL2	Q5ZI22
NUPL2	Q6P0U9
NUPL2	Q8CIC2
OXA1L	Q15070
OXA1L	Q3SYV3
OXA1L	Q8BGA9
OXA1L	Q9SKD3
ZNF843	Q8N446
ZCCHC11	B2RX14
ZCCHC11	Q5TAX3
ANKRD20A1	Q5TYW2
DNAJC4	Q9D844
DNAJC4	Q9NNZ3
KRT7	A5A6N0
KRT7	P08729
KRT7	P16878
KRT7	Q29S21
KRT7	Q6IG12
KRT7	Q8HZR5
KRT7	Q9DCV7
SLC28A3	Q8VIH3
SLC28A3	Q9ERH8
SLC28A3	Q9HAS3
SLC28A3	Q9UA35
CNOT4	O95628
CNOT4	Q8BT14
BARGIN	Q6ZT62
ADGB	G3UZ78
ADGB	Q8N7X0
C2orf78	A6NCI8
EPRS	P07814
EPRS	Q7SIA2
EPRS	Q8CGC7
PCDHGA12	O60330
PCDHGA12	Q5DRB9
FAM208B	Q5DTT3
FAM208B	Q5VWN6
MAGEC2	Q9UBF1
AASS	A2VCW9
AASS	A8E657
AASS	Q99K67
AASS	Q9UDR5
LRMP	Q12912
LRMP	Q5RHB5
LRMP	Q60664
KRT1	A5A6M6
KRT1	P04104
KRT1	P04264
KRT1	Q6EIY9
KRT1	Q6IMF3
C8orf37	Q96NL8
CASC4	A2VE10
CASC4	Q32N32
CASC4	Q5R5X4
CASC4	Q5ZKQ5
CASC4	Q6P2L7
CASC4	Q6P4E1
HBE1	O13071
HBE1	P02100
HBE1	P02101
HBE1	P02102
HBE1	P02103
HBE1	P08223
HBE1	P11025
HBE1	P18435
HBE1	P18994
HBE1	P19759
HBE1	P51438
HBE1	P51440
HBE1	P51441
HBE1	P51442
HBE1	P51443
HBE1	P68016
HBE1	P68017
HBE1	P68018
HBE1	P68019
HBE1	P68020
HBE1	P68021
HBE1	P68022
HBE1	P68023
HBE1	P68024
HBE1	P68025
HBE1	P68026
HBE1	P68027
HBE1	P68028
HBE1	P68029
HBE1	P81042
HBE1	Q28220
HBE1	Q28338
HBE1	Q28356
HBE1	Q28496
HBE1	Q28507
HBE1	Q28775
HBE1	Q28931
HBE1	Q29415
HBE1	Q45XH3
HBE1	Q6LDH0
HBE1	Q6LDH1
HBE1	Q7JFR7
HBE1	Q95190
HBE1	Q95238
OCM	O35508
OCM	P02631
OCM	P0CE72
OCM	P51879
ACAA1	P07871
ACAA1	P09110
ACAA1	Q8VCH0
ACAA1	Q921H8
GRM2	P31421
GRM2	Q14416
GRM2	Q14BI2
CXorf21	Q9HAI6
ABHD4	Q5EA59
ABHD4	Q8TB40
ABHD4	Q8VD66
YARS	P54577
YARS	Q29465
YARS	Q4KM49
YARS	Q5R8T5
YARS	Q5UPJ7
YARS	Q5ZJ08
YARS	Q6DIJ1
YARS	Q6TGS6
YARS	Q7ZX51
YARS	Q91WQ3
FRG1	O73747
FRG1	P97376
FRG1	Q14331
FRG1	Q6GLS8
FRG1	Q9LHE4
FRG1	Q9P7X3
FRG1	Q9VWA8
SERPINA13P	Q6UXR4
GBA3	P97265
GBA3	Q5RF65
GBA3	Q9H227
FER1L4	A3KGK3
FER1L4	A9Z1Z3
KIAA0754	O94854
KIAA0754	Q69ZZ9
KIAA0754	Q9QXZ0
KIAA0754	Q9UPN3
BRDT	D4A7T3
BRDT	F1QW93
BRDT	F7DRV9
BRDT	Q4R8Y1
BRDT	Q58F21
BRDT	Q91Y44
ALDH6A1	Q02252
ALDH6A1	Q02253
ALDH6A1	Q07536
ALDH6A1	Q9EQ20
COL4A3BP	Q5M7Y0
COL4A3BP	Q5R6M6
COL4A3BP	Q6NRZ4
COL4A3BP	Q6P3Q6
COL4A3BP	Q6VVX2
COL4A3BP	Q9EQG9
COL4A3BP	Q9GKI7
COL4A3BP	Q9Y5P4
KRT4	P07744
KRT4	P19013
KRT4	Q6IG00
PYCARD	Q8HXK9
PYCARD	Q9EPB4
PYCARD	Q9I9N6
PYCARD	Q9ULZ3
CITED1	P97769
CITED1	Q99966
CITED1	Q9BDI3
LINC01549	A6NIU2
TRAPPC5	P15847
TRAPPC5	Q2NL13
TRAPPC5	Q54YG5
TRAPPC5	Q5F359
TRAPPC5	Q7KQM2
TRAPPC5	Q8IUR0
TRAPPC5	Q9CQA1
ABTB1	Q5XIU1
ABTB1	Q969K4
ABTB1	Q99LJ2
DEFB130A	P0DP74
UCHL5	Q06AT3
UCHL5	Q54N38
UCHL5	Q9WUP7
UCHL5	Q9XSJ0
UCHL5	Q9Y5K5
LPL	O42790
LPL	O46647
LPL	P06858
LPL	P11151
LPL	P11152
LPL	P11153
LPL	P11602
LPL	P49060
LPL	P49923
LPL	P55031
LPL	Q06000
LPL	Q29524
USH2A	O75445
USH2A	Q2QI47
USH2A	Q8K3K1
MRVI1	Q9N1F0
MRVI1	Q9WUX5
MRVI1	Q9Y6F6
DNAH1	E9Q8T7
DNAH1	Q63164
DNAH1	Q9P2D7
TXNL4A	P83876
TXNL4A	P83877
TXNL4A	Q553S5
AP5B1	D3ZVB0
AP5B1	F6S215
AP5B1	G3MZC5
AP5B1	Q2VPB7
AP5B1	Q3TAP4
COL11A1	P12107
COL11A1	P20909
COL11A1	Q28083
COL11A1	Q61245
TREX2	Q9BQ50
TREX2	Q9R1A9
VCY	O14598
ISG15	O02741
ISG15	P05161
ISG15	Q64339
MGEA5	O60502
MGEA5	Q8VIJ5
MGEA5	Q9EQQ9
GPR98	Q6JAN0
GPR98	Q8VHN7
GPR98	Q8WXG9
FAM122B	Q6NZE7
FAM122B	Q7Z309
PKD1L1	E7FKV8
PKD1L1	Q8R526
PKD1L1	Q8TDX9
HIST1H1A	D4A3K5
HIST1H1A	G3N131
HIST1H1A	P43275
HIST1H1A	Q02539
SMN1	O02771
SMN1	O18870
SMN1	O35876
SMN1	P97801
SMN1	Q09808
SMN1	Q16637
SMN1	Q4R4F8
SMN1	Q5RE18
SMN1	Q8HYB8
SMN1	Q9W6S8
XKR6	E9Q6C8
XKR6	Q49LS8
XKR6	Q5GH57
XKR6	Q5GH73
H1F0	P07305
H1F0	P10922
H1F0	P43278
TRIM58	Q5NCC9
TRIM58	Q8NG06
DPPA3	A0A0H2ZGN2
DPPA3	A9Q1J7
DPPA3	Q6IMK0
DPPA3	Q6W0C5
DPPA3	Q8QZY3
PCDHB13	Q5DRD6
PCDHB13	Q9Y5F0
H2BFS	P57053
KIAA1211	Q5PR69
KIAA1211	Q6ZU35
FAM122A	Q5ZLN7
FAM122A	Q6AYT4
FAM122A	Q96E09
FAM122A	Q9DB52
TWISTNB	Q3B726
TWISTNB	Q6PHG8
TWISTNB	Q78WZ7
FSTL5	Q8BFR2
FSTL5	Q8N475
RIBC2	Q32LJ7
RIBC2	Q6AXN9
RIBC2	Q9D4Q1
RIBC2	Q9H4K1
TCTEX1D2	F1QMY1
TCTEX1D2	Q32P71
TCTEX1D2	Q8WW35
TCTEX1D2	Q9CQ66
SRRM5	B3KS81
KIAA1551	Q5DTW7
KIAA1551	Q9HCM1
FRMPD1	A2AKB4
FRMPD1	Q5SYB0
CTSG	P08311
CTSG	P17977
CTSG	P28293
KIAA0556	O60303
KIAA0556	Q8C753
MRPS15	P82913
MRPS15	P82914
MRPS15	Q5XI37
MRPS15	Q6DGL8
MRPS15	Q8WTC1
MRPS15	Q9DC71
HOMER2	O88801
HOMER2	Q9NSB8
HOMER2	Q9QWW1
CD3EAP	O15446
CD3EAP	Q76KJ5
C9orf43	Q8TAL5
MANSC1	Q95KG7
MANSC1	Q9CR33
MANSC1	Q9H8J5
GPR65	Q61038
GPR65	Q8IYL9
PIGK	Q3MHZ7
PIGK	Q4KRV1
PIGK	Q5R6L8
PIGK	Q92643
PIGK	Q9CXY9
CCDC152	Q32LM7
CCDC152	Q4G0S7
HIST1H4A	P62805
HIST1H4A	P62806
KLRC4	O43908
KLRC4	Q95MI1
MICALCL	D4A1F2
MICALCL	O94851
MICALCL	Q8BML1
ZNF699	Q32M78
KRT26	A6H712
KRT26	Q3TRJ4
KRT26	Q7Z3Y9
EFCAB5	A0JP43
EFCAB5	A4FU69
FAM46C	Q4R8X4
FAM46C	Q5SSF7
FAM46C	Q5VWP2
FAM46C	Q5XIV0
FAM46C	Q5ZL95
FAM46C	Q7ZUP1
ZP2	O54767
ZP2	O77726
ZP2	P20239
ZP2	P42099
ZP2	P47983
ZP2	P47984
ZP2	P48829
ZP2	Q05996
ZP2	Q9BH10
OR2AT4	A6NND4
RASGEF1B	A4IFE4
RASGEF1B	Q0VAM2
RASGEF1B	Q28EC1
RASGEF1B	Q5RC04
RASGEF1B	Q6DHR3
RASGEF1B	Q8JZL7
OR13F1	Q8NGS4
TYROBP	A4F4L0
TYROBP	O43914
TYROBP	O54885
TYROBP	Q6X9T7
TYROBP	Q8WNQ8
TYROBP	Q95J79
TYROBP	Q9TU45
ZCCHC6	Q5BLK4
ZCCHC6	Q5VYS8
FBXO21	O94952
FBXO21	Q5R5S1
FBXO21	Q8VDH1
SOCS1	O15524
SOCS1	O35716
SOCS1	Q9QX78
DCTD	P10046
DCTD	P13632
DCTD	P32321
DCTD	Q5M9G0
DCTD	Q5RC69
DCTD	Q8K2D6
DCTD	Q9HU19
CPA2	P03965
CPA2	P19222
CPA2	P48052
CPA2	Q504N0
CPA2	Q75D66
ZNF177	Q13360
COLEC12	A5PMY6
COLEC12	A6QP79
COLEC12	Q2LK54
COLEC12	Q4V885
COLEC12	Q5KU26
COLEC12	Q8K4Q8
HIST1H1E	P10412
HIST1H1E	P43274
C6	O39832
C6	P13671
C6	P61134
C6	P61135
C6	Q29RU4
C6	Q2R222
C6	Q65388
C6	Q811M5
C6	Q87013
C6	Q9FL54
C6	Q9WIJ9
C6	Q9Z0D0
SKAP1	Q1KKW7
SKAP1	Q3UUV5
SKAP1	Q4V7G1
SKAP1	Q6DII7
SKAP1	Q86WV1
FAM129C	Q86XR2
OXSM	Q0VCA7
OXSM	Q9D404
OXSM	Q9NWU1
ACPP	A0AJR1
ACPP	A0JXS7
ACPP	A0K5U9
ACPP	A0L8T8
ACPP	A0LNX9
ACPP	A0LT89
ACPP	A0M6S7
ACPP	A0RQM2
ACPP	A0T0F8
ACPP	A1B2X1
ACPP	A1BJA4
ACPP	A1K5Y8
ACPP	A1KRQ3
ACPP	A1R7F3
ACPP	A1STW4
ACPP	A1TLE0
ACPP	A1U1S9
ACPP	A1US60
ACPP	A1V6C7
ACPP	A1VEK3
ACPP	A1VRU2
ACPP	A1VYF9
ACPP	A1WAX5
ACPP	A1WMX2
ACPP	A1WWE5
ACPP	A2BTJ0
ACPP	A2BYZ2
ACPP	A2C556
ACPP	A2RM31
ACPP	A2S9Y5
ACPP	A2SDG2
ACPP	A3DDY8
ACPP	A3MM52
ACPP	A3N3B5
ACPP	A3NBT9
ACPP	A3NXM6
ACPP	A3PF99
ACPP	A3PIR9
ACPP	A4G6S9
ACPP	A4SCL1
ACPP	A4TLS0
ACPP	A4VMS0
ACPP	A4WRF7
ACPP	A4XSS7
ACPP	A4YT81
ACPP	A5EIA1
ACPP	A5EXE0
ACPP	A5FKU7
ACPP	A5FQ52
ACPP	A5FYQ3
ACPP	A5GF63
ACPP	A5GI58
ACPP	A5GQ76
ACPP	A5ISB7
ACPP	A5UAZ7
ACPP	A5UFV8
ACPP	A5URZ0
ACPP	A5VP30
ACPP	A5W713
ACPP	A6H730
ACPP	A6KZ78
ACPP	A6QC97
ACPP	A6QGD2
ACPP	A6SXQ2
ACPP	A6T7F4
ACPP	A6U151
ACPP	A6VQU9
ACPP	A6WDC0
ACPP	A7FH28
ACPP	A7GRI0
ACPP	A7GWR1
ACPP	A7H4T8
ACPP	A7HDZ1
ACPP	A7HZZ5
ACPP	A7IK19
ACPP	A7MFR6
ACPP	A7MZU3
ACPP	A7NP13
ACPP	A7X1J8
ACPP	A7Z4L2
ACPP	A7ZF37
ACPP	A7ZKJ7
ACPP	A7ZZ51
ACPP	A8EWF1
ACPP	A8EZW3
ACPP	A8F2Q2
ACPP	A8FD57
ACPP	A8FKM8
ACPP	A8G7B4
ACPP	A8GY19
ACPP	A8HVH0
ACPP	A8LQQ0
ACPP	A8Z3R8
ACPP	A8Z6C5
ACPP	A8ZTV4
ACPP	A9ADE8
ACPP	A9BD51
ACPP	A9BJZ0
ACPP	A9BNK3
ACPP	A9HRD8
ACPP	A9III0
ACPP	A9IRV7
ACPP	A9M3G2
ACPP	A9M8Y2
ACPP	A9N5L0
ACPP	A9R3P5
ACPP	A9VT88
ACPP	A9W067
ACPP	A9WKH6
ACPP	A9WP63
ACPP	B0B7F2
ACPP	B0BBL7
ACPP	B0BV67
ACPP	B0CE03
ACPP	B0CKE3
ACPP	B0K1W0
ACPP	B0K9X7
ACPP	B0KF56
ACPP	B0RYI4
ACPP	B0SDK7
ACPP	B0SM36
ACPP	B0TGW1
ACPP	B0U3X4
ACPP	B0UNZ6
ACPP	B0UUZ3
ACPP	B1H0Q2
ACPP	B1I2D2
ACPP	B1IUH1
ACPP	B1J4Z1
ACPP	B1JI34
ACPP	B1JYA3
ACPP	B1LI51
ACPP	B1LTE7
ACPP	B1V902
ACPP	B1WRM4
ACPP	B1XA04
ACPP	B1XJG7
ACPP	B1XTK9
ACPP	B1XZN7
ACPP	B1YIN3
ACPP	B1ZK55
ACPP	B2A2M9
ACPP	B2GFZ6
ACPP	B2I798
ACPP	B2K755
ACPP	B2RLH9
ACPP	B2S447
ACPP	B2S9V7
ACPP	B2SNN4
ACPP	B2U527
ACPP	B2UQS2
ACPP	B2UTR8
ACPP	B2V6T8
ACPP	B2VDK4
ACPP	B3E2J4
ACPP	B3EED1
ACPP	B3ETI4
ACPP	B3GZ71
ACPP	B3PEV2
ACPP	B3PUU1
ACPP	B3Q9T1
ACPP	B3QRN4
ACPP	B3QS74
ACPP	B3R0P8
ACPP	B3R210
ACPP	B4ETD0
ACPP	B4RAG3
ACPP	B4RR62
ACPP	B4S3N7
ACPP	B4SBB2
ACPP	B4T328
ACPP	B4TFH1
ACPP	B4TTG0
ACPP	B4U7T6
ACPP	B5BAH9
ACPP	B5E8U3
ACPP	B5EJD2
ACPP	B5F911
ACPP	B5FKB1
ACPP	B5QXE0
ACPP	B5RBA6
ACPP	B5XXH6
ACPP	B5Y7W4
ACPP	B5Z6T1
ACPP	B5ZWD3
ACPP	B6I9H1
ACPP	B6IN76
ACPP	B6JGN3
ACPP	B6JLE2
ACPP	B6YR21
ACPP	B7GYR8
ACPP	B7HDX3
ACPP	B7HLI3
ACPP	B7I7A7
ACPP	B7IUK9
ACPP	B7J0F1
ACPP	B7JC10
ACPP	B7JJT7
ACPP	B7KL68
ACPP	B7L0F0
ACPP	B7LG27
ACPP	B7LX28
ACPP	B7MJ81
ACPP	B7MTM4
ACPP	B7NKI6
ACPP	B7UPB0
ACPP	B8D7N9
ACPP	B8D9D7
ACPP	B8DDU6
ACPP	B8DJF9
ACPP	B8ESH4
ACPP	B8F7C3
ACPP	B8FJ70
ACPP	B8FRS2
ACPP	B8G2S8
ACPP	B8GSL1
ACPP	B8GVP4
ACPP	B8J187
ACPP	B9DPJ1
ACPP	B9IVD9
ACPP	B9JUU8
ACPP	B9KF13
ACPP	B9KQD1
ACPP	B9L7V8
ACPP	B9LDT1
ACPP	B9M0W2
ACPP	B9MDQ6
ACPP	C0Q798
ACPP	C0QKX5
ACPP	C0QUD3
ACPP	C0QYL1
ACPP	C0RHG7
ACPP	C0ZFP2
ACPP	C1A196
ACPP	C1A8W8
ACPP	C1D0N8
ACPP	C1DCE5
ACPP	C1DRH0
ACPP	C1EP74
ACPP	C1KWA5
ACPP	C3K0N3
ACPP	C3L777
ACPP	C3M9B6
ACPP	C3P5Q1
ACPP	C3PLP2
ACPP	C4L5Z4
ACPP	C4L8E4
ACPP	C4XNY7
ACPP	C4ZS34
ACPP	C5B8G9
ACPP	C5C4T3
ACPP	C5CAR8
ACPP	C5CSE5
ACPP	C6DKT2
ACPP	C6E345
ACPP	O19921
ACPP	O34163
ACPP	O51647
ACPP	O54439
ACPP	O67611
ACPP	O83786
ACPP	O84239
ACPP	P0A001
ACPP	P0A002
ACPP	P0A003
ACPP	P0A199
ACPP	P0A1A0
ACPP	P0A2W0
ACPP	P0A2W1
ACPP	P0A2W2
ACPP	P0A2W3
ACPP	P0A6A8
ACPP	P0A6A9
ACPP	P0A6B0
ACPP	P0A6B1
ACPP	P0A6B2
ACPP	P0A6B3
ACPP	P0CZ48
ACPP	P0CZ49
ACPP	P11830
ACPP	P12784
ACPP	P15309
ACPP	P19372
ACPP	P20646
ACPP	P20803
ACPP	P20804
ACPP	P27060
ACPP	P29189
ACPP	P43709
ACPP	P48078
ACPP	P49517
ACPP	P51280
ACPP	P56464
ACPP	P57433
ACPP	P58553
ACPP	P59449
ACPP	P63437
ACPP	P63438
ACPP	P63439
ACPP	P63440
ACPP	P63441
ACPP	P63442
ACPP	P63443
ACPP	P63445
ACPP	P63446
ACPP	P63447
ACPP	P63448
ACPP	P63449
ACPP	P80643
ACPP	P80916
ACPP	P80917
ACPP	P80918
ACPP	P80919
ACPP	P80920
ACPP	P80921
ACPP	P80922
ACPP	P80923
ACPP	P94123
ACPP	Q030J7
ACPP	Q04R63
ACPP	Q053L5
ACPP	Q057L2
ACPP	Q07LE6
ACPP	Q0A8R8
ACPP	Q0AQC8
ACPP	Q0BPZ5
ACPP	Q0C089
ACPP	Q0I0V3
ACPP	Q0K8M2
ACPP	Q0SMF1
ACPP	Q0SSA1
ACPP	Q0T5U2
ACPP	Q0TIY0
ACPP	Q0TPN4
ACPP	Q0VQN0
ACPP	Q119B3
ACPP	Q11HG4
ACPP	Q11V97
ACPP	Q126J2
ACPP	Q12LV4
ACPP	Q135N5
ACPP	Q15TZ9
ACPP	Q164P2
ACPP	Q17XQ6
ACPP	Q1AW83
ACPP	Q1BXV1
ACPP	Q1C6N1
ACPP	Q1CI22
ACPP	Q1CTW7
ACPP	Q1GHT1
ACPP	Q1GWG9
ACPP	Q1H165
ACPP	Q1ICY6
ACPP	Q1IHZ5
ACPP	Q1J195
ACPP	Q1LKM2
ACPP	Q1LT40
ACPP	Q1MJ06
ACPP	Q1QKV3
ACPP	Q1QX53
ACPP	Q1RD62
ACPP	Q1RKB8
ACPP	Q1XDK6
ACPP	Q215T1
ACPP	Q21K87
ACPP	Q21XP1
ACPP	Q24U44
ACPP	Q254J6
ACPP	Q28RW8
ACPP	Q2FHK6
ACPP	Q2FZ51
ACPP	Q2G8P0
ACPP	Q2IX87
ACPP	Q2JQZ8
ACPP	Q2KA89
ACPP	Q2KW22
ACPP	Q2LQM3
ACPP	Q2NBQ2
ACPP	Q2NIG9
ACPP	Q2NU39
ACPP	Q2P7B5
ACPP	Q2SK49
ACPP	Q2SXU4
ACPP	Q2W5G4
ACPP	Q2YMG5
ACPP	Q2YXI4
ACPP	Q30YL9
ACPP	Q318D3
ACPP	Q31HR4
ACPP	Q31QV1
ACPP	Q31ZE9
ACPP	Q32EV4
ACPP	Q39I83
ACPP	Q39V90
ACPP	Q3AC56
ACPP	Q3AQ12
ACPP	Q3B0I3
ACPP	Q3B6L1
ACPP	Q3BWI5
ACPP	Q3J3L2
ACPP	Q3JAL0
ACPP	Q3JQ68
ACPP	Q3K8L1
ACPP	Q3KMC6
ACPP	Q3SRZ3
ACPP	Q3Z323
ACPP	Q3Z708
ACPP	Q3ZYI8
ACPP	Q46IK3
ACPP	Q46Z08
ACPP	Q47EG8
ACPP	Q47NG1
ACPP	Q482J9
ACPP	Q494E2
ACPP	Q49X16
ACPP	Q4L5T4
ACPP	Q4QP33
ACPP	Q4UK61
ACPP	Q4URQ3
ACPP	Q57EQ8
ACPP	Q57QG1
ACPP	Q5F604
ACPP	Q5FJI8
ACPP	Q5FPB9
ACPP	Q5HGK0
ACPP	Q5HPV9
ACPP	Q5HW23
ACPP	Q5L0Q4
ACPP	Q5L605
ACPP	Q5LIS0
ACPP	Q5LR57
ACPP	Q5M183
ACPP	Q5N3E5
ACPP	Q5NN07
ACPP	Q5P0D3
ACPP	Q5PGU4
ACPP	Q5SL79
ACPP	Q5WFM5
ACPP	Q5XAE1
ACPP	Q606L6
ACPP	Q62LT9
ACPP	Q636H6
ACPP	Q63S86
ACPP	Q64ZV7
ACPP	Q65JQ6
ACPP	Q65RC8
ACPP	Q660G8
ACPP	Q669L4
ACPP	Q68VY6
ACPP	Q6B8U3
ACPP	Q6D687
ACPP	Q6FDT7
ACPP	Q6G056
ACPP	Q6G442
ACPP	Q6G9Y1
ACPP	Q6GHK3
ACPP	Q6HEW5
ACPP	Q6MAF8
ACPP	Q6MLJ8
ACPP	Q6N5A8
ACPP	Q6YPI8
ACPP	Q71YL0
ACPP	Q72CS8
ACPP	Q72LL3
ACPP	Q732M0
ACPP	Q73NX6
ACPP	Q74CR8
ACPP	Q74IP1
ACPP	Q75FW6
ACPP	Q7M9W1
ACPP	Q7MLZ9
ACPP	Q7MU10
ACPP	Q7U9V9
ACPP	Q7UYY2
ACPP	Q7UZQ0
ACPP	Q7V4J6
ACPP	Q7V9R0
ACPP	Q7VI80
ACPP	Q7VKH6
ACPP	Q7VR21
ACPP	Q7VW32
ACPP	Q7W5I7
ACPP	Q7WD23
ACPP	Q819V7
ACPP	Q81WI7
ACPP	Q823D5
ACPP	Q83N02
ACPP	Q83NH7
ACPP	Q85FZ0
ACPP	Q88LL5
ACPP	Q89MV8
ACPP	Q8A2E6
ACPP	Q8CE08
ACPP	Q8CPI2
ACPP	Q8D3A9
ACPP	Q8D8G9
ACPP	Q8DHS3
ACPP	Q8EDH4
ACPP	Q8ER06
ACPP	Q8EXX4
ACPP	Q8K9J4
ACPP	Q8KAN9
ACPP	Q8R9W1
ACPP	Q8RGX5
ACPP	Q8UGE2
ACPP	Q8XJN7
ACPP	Q8Y0J1
ACPP	Q8ZFT4
ACPP	Q92GD8
ACPP	Q97IA5
ACPP	Q984T3
ACPP	Q9A7P3
ACPP	Q9CHF9
ACPP	Q9CJS5
ACPP	Q9EZI1
ACPP	Q9KA04
ACPP	Q9KQH8
ACPP	Q9PI64
ACPP	Q9PKF8
ACPP	Q9R6Z3
ACPP	Q9RA32
ACPP	Q9RG22
ACPP	Q9RK61
ACPP	Q9RT27
ACPP	Q9WZD0
ACPP	Q9Z8P3
ACPP	Q9ZCH9
ACPP	Q9ZLS1
DPCD	A4IHF8
DPCD	A5D8N2
DPCD	Q0P448
DPCD	Q24K21
DPCD	Q6AYM4
DPCD	Q8BPA8
DPCD	Q9BVM2
TNP1	P02317
TNP1	P09430
TNP1	P0A043
TNP1	P0A044
TNP1	P10856
TNP1	P17305
TNP1	P17306
TNP1	P22613
ANKMY1	Q8C0W1
ANKMY1	Q9P2S6
SIRPG	Q9P1W8
LRRN3	Q5R482
LRRN3	Q8CBC6
LRRN3	Q9ESY6
LRRN3	Q9H3W5
TDRD5	A0JM98
TDRD5	A1L1H3
TDRD5	B4F7C4
TDRD5	D2H3M0
TDRD5	E1BPH3
TDRD5	E2QTD3
TDRD5	Q1L981
TDRD5	Q5VCS6
TDRD5	Q8NAT2
OTOGL	F7A4A7
OTOGL	Q3ZCN5
OTOGL	Q5RCW9
OR2G3	Q8NGZ4
USP17L1	Q7RTZ2
WARS	P17248
WARS	P23381
WARS	P23612
WARS	P32921
WARS	Q5R4J1
WARS	Q6P7B0
CCDC130	P13994
CCDC130	Q32PZ9
CCDC130	Q5EA37
CCDC130	Q66I85
CCDC130	Q6DJK9
CCDC130	Q9D516
TBC1D28	Q2M2D7
HIST1H1D	P16402
HIST1H1D	P43277
NFIB	O00712
NFIB	P13622
NFIB	P17924
NFIB	P97863
NFIB	Q0VCL6
TMPRSS9	P69525
TMPRSS9	P69526
TMPRSS9	Q7Z410
HIST1H1T	P22492
HIST1H1T	Q07133
TDG	P56581
TDG	Q13569
CD86	P42071
CD86	P42081
CD86	P42082
FAM9C	Q8IZT9
MPP5	B4F7E7
MPP5	E2QY99
MPP5	Q5RDQ2
MPP5	Q8JHF4
MPP5	Q8N3R9
MPP5	Q9JLB2
DNAH6	Q9C0G6
MLEC	A9C3P0
MLEC	Q14165
MLEC	Q5FVQ4
MLEC	Q6ZQI3
TRIM68	Q6AZZ1
TRIM68	Q8K243
HIST1H3A	P68431
HIST1H3A	P68433
HIST3H3	Q16695
H3F3A	P84243
H3F3A	P84244
H3F3A	P84246
H3F3A	Q5E9F8
H3F3A	Q6PI20
H3F3A	Q71LE2
SUGCT	Q68FU4
SUGCT	Q7TNE1
SUGCT	Q9HAC7
SYCE1L	A8MT33
SYCE1L	Q5D525
C7orf43	Q8WVR3
C6orf10	Q5SRN2
FAM160B2	A0JPF5
FAM160B2	Q0P4Q0
FAM160B2	Q80YR2
FAM160B2	Q86V87
H2AFX	P16104
H2AFX	P27661
CRISPLD2	A6QLZ7
CRISPLD2	Q4V9Y5
CRISPLD2	Q8BZQ2
CRISPLD2	Q9H0B8
C6orf106	Q9H6K1
ZNF10	P21506
LRFN2	Q460M5
LRFN2	Q80TG9
LRFN2	Q9BE71
LRFN2	Q9ULH4
ODF4	Q0II41
ODF4	Q2M2E3
ODF4	Q6AXT9
ODF4	Q8VI88
C9orf139	Q6ZV77
DHRS9	Q58NB6
DHRS9	Q8HYR6
DHRS9	Q8VD48
DHRS9	Q9BPW9
KLHDC8A	Q8IYD2
KLHDC8A	Q91XA8
SMIM34A	A8MWV9
C4orf50	Q6ZRC1
HLA-DOB	P13765
C9orf16	Q9BUW7
CLCF1	Q9QZM3
CLCF1	Q9UBD9
NUDT4	Q5RAF0
NUDT4	Q8R2U6
NUDT4	Q99MY2
NUDT4	Q9LE73
NUDT4	Q9NZJ9
CALML3	P27482
CALML3	Q5U206
CALML3	Q9D6P8
OLIG2	Q13516
OLIG2	Q90XB3
OLIG2	Q9EQW6
KIF3C	A0JN40
KIF3C	O14782
KIF3C	O35066
KIF3C	O55165
KIF3C	Q5R706
PRSS33	Q80WM7
PRSS33	Q8NF86
CARS	A0B8Y7
CARS	A1RSF4
CARS	A1RXB2
CARS	A2BN92
CARS	A2SQ88
CARS	A3CU85
CARS	A3DM64
CARS	A3MXY4
CARS	A4G0M1
CARS	A4WN93
CARS	A6UQY1
CARS	A6UWB6
CARS	A6VHW4
CARS	A7I6J9
CARS	A9A8W5
CARS	B0R737
CARS	B6YUC9
CARS	B8GEE2
CARS	B9LSA9
CARS	C3MQ04
CARS	C3MVC3
CARS	C3N5M2
CARS	C3NE86
CARS	C3NHG3
CARS	C4KH98
CARS	C5A2X0
CARS	F8UL81
CARS	O26920
CARS	O28534
CARS	O58081
CARS	P49589
CARS	Q06911
CARS	Q0W6Q1
CARS	Q12X42
CARS	Q18FD0
CARS	Q2FLB3
CARS	Q2NHB7
CARS	Q3ITE8
CARS	Q465Q6
CARS	Q4JAC0
CARS	Q4R550
CARS	Q58995
CARS	Q5F408
CARS	Q5JEX0
CARS	Q5M7N8
CARS	Q5UP36
CARS	Q5UY54
CARS	Q6L013
CARS	Q6LWL1
CARS	Q7ZWR2
CARS	Q8Q0J5
CARS	Q8TKT8
CARS	Q8TWG2
CARS	Q8U3Q8
CARS	Q8ZYR4
CARS	Q975E2
CARS	Q97CB5
CARS	Q9ER72
CARS	Q9HLW7
CARS	Q9HNG1
CARS	Q9I0I2
CARS	Q9UXG3
CARS	Q9UY86
CARS	Q9YF05
CARS	U3LVZ7
GALK2	Q01415
GALK2	Q5R6J8
GALK2	Q5XIG6
GALK2	Q68FH4
ACAD10	Q6JQN1
ACAD10	Q8K370
C17orf62	Q9BQA9
NFIA	P09414
NFIA	P17923
NFIA	Q02780
NFIA	Q12857
CCDC94	A8WHR3
CCDC94	Q54WR5
CCDC94	Q9BW85
CCDC94	Q9D6J3
ANKRD29	Q502M6
ANKRD29	Q8N6D5
SLC25A31	Q2YDD9
SLC25A31	Q3V132
SLC25A31	Q4R8M0
SLC25A31	Q9H0C2
CCDC166	P0CW27
GPAT2	D3ZI76
GPAT2	Q14DK4
GPAT2	Q6NUI2
GPAT2	Q9FZ22
ADGRG4	B7ZCC9
ADGRG4	Q8IZF6
TATDN3	A1A4M4
TATDN3	Q17R31
TATDN3	Q3U1C6
TATDN3	Q503T5
FAM186B	Q8IYM0
NAT6	Q27GI3
NAT6	Q93015
NAT6	Q9R123
GLT6D1	D3ZNQ3
GLT6D1	Q2NKH9
GLT6D1	Q2YDM8
GLT6D1	Q4R5T7
GLT6D1	Q7Z4J2
VWCE	Q3U515
VWCE	Q96DN2
C3P1	Q6ZMU1
SSX2	Q16385
TRIL	Q496Z2
TRIL	Q7L0X0
TRIL	Q9DBY4
LOXL4	Q8MJ24
LOXL4	Q924C6
LOXL4	Q96JB6
H2BFWT	Q7Z2G1
ST6GALNAC1	Q92183
ST6GALNAC1	Q9NSC7
ST6GALNAC1	Q9QZ39
KRT17	A1L595
KRT17	A5A6M0
KRT17	Q04695
KRT17	Q6IFU8
KRT17	Q9QWL7
RCC1L	Q96I51
RCC1L	Q9CYF5
PDYN	O35417
PDYN	P01213
PDYN	P01214
PDYN	P06300
PDYN	Q60478
PDYN	Q95104
BCL6B	O88282
BCL6B	Q8N143
HIF1AN	P59723
HIF1AN	Q8BLR9
HIF1AN	Q9NWT6
TAS2R42	Q5Y4Z2
TAS2R42	Q645T9
TAS2R42	Q645U9
TAS2R42	Q645Z3
TAS2R42	Q646B8
TAS2R42	Q646G3
TAS2R42	Q7RTR8
KIF17	Q99PW8
KIF17	Q9P2E2
MAP10	A3KMW7
MAP10	D3ZAP3
MAP10	Q8BJS7
MAP10	Q9P2G4
ANKRD18B	A2A2Z9
KLHL31	Q6Q7X9
KLHL31	Q8BWA5
KLHL31	Q9H511
FTHL17	Q99MX2
FTHL17	Q9BXU8
C16orf72	Q14CZ0
HMGCL	O81027
HMGCL	P35914
HMGCL	P35915
HMGCL	P38060
HMGCL	P97519
HMGCL	Q29448
HMGCL	Q5R9E1
HMGCL	Q8HXZ6
CSMD1	Q923L3
CSMD1	Q96PZ7
RASSF10	A6NK89
RASSF10	B1A193
RASSF10	Q8BL43
PRAME	P78395
KLHL6	Q6V595
KLHL6	Q8WZ60
CBX7	O95931
CBX7	P60889
CBX7	Q8VDS3
NARFL	A2RRV9
NARFL	A4FV58
NARFL	A8WH18
NARFL	Q54F30
NARFL	Q5BK18
NARFL	Q5RF36
NARFL	Q7TMW6
NARFL	Q9H6Q4
2	A3EX94
2	A3EXD0
2	A3EXG6
2	B7SSM2
2	O64198
2	P03680
2	P03704
2	P05135
2	P06950
2	P07946
2	P09503
2	P0DTC2
2	P10033
2	P11223
2	P12650
2	P12651
2	P12722
2	P15076
2	P15423
2	P16938
2	P17662
2	P18450
2	P20836
2	P22573
2	P26745
2	P27421
2	P28979
2	P30206
2	P30207
2	P30208
2	P33470
2	P36693
2	P54308
2	P59217
2	P59594
2	Q01977
2	Q05230
2	Q0Q466
2	Q0Q475
2	Q0Q4F2
2	Q0ZME8
2	Q14EB1
2	Q37882
2	Q3I5J5
2	Q3LZX1
2	Q5MQD1
2	Q6Q1S2
2	Q89621
2	Q91AV1
2	Q9T1U6
KRT80	A0JND2
KRT80	Q0VBK2
KRT80	Q6IMF1
KRT80	Q6KB66
HBA1	K7N5M5
HBA1	P01946
HBA1	P01959
HBA1	P02012
HBA1	P02019
HBA1	P06635
HBA1	P07430
HBA1	P0CH25
HBA1	P10777
HBA1	P29624
HBA1	P45718
HBA1	P69905
HBA1	P69906
HBA1	P69907
HBA1	P83270
HBA1	P83611
HBA1	P84609
HBA1	P84653
HBA1	P85081
HBA1	Q09146
HBA1	Q1AGS5
HBA1	Q1AGS9
HBA1	Q7M3B8
HBA1	Q9TS35
HBA1	Q9XSN2
HBA1	Q9XSN3
LRG1	P02750
LRG1	P35688
SAMD3	Q8C4H2
SAMD3	Q8N6K7
MKL2	P59759
MKL2	Q9ULH7
CPB1	P00732
CPB1	P09955
CPB1	P15086
CPB1	P19223
CPB1	P55261
KRT2	P35908
KRT2	Q3TTY5
KRT2	Q6EIZ1
KRT2	Q6IG02
SLC6A13	A5PJX7
SLC6A13	P31646
SLC6A13	P31649
SLC6A13	Q2PG55
SLC6A13	Q9NSD5
MSH4	F4JP48
MSH4	O15457
MSH4	O94065
MSH4	P40965
MSH4	Q99MT2
DOPEY1	Q5JWR5
DOPEY1	Q8BL99
C8orf59	Q8N0T1
VWA3A	A1A5Q7
VWA3A	A6NCI4
VWA3A	Q3UVV9
GPR84	Q2KI97
GPR84	Q8CIM5
GPR84	Q9NQS5
TROVE2	O08848
TROVE2	P10155
TROVE2	P42700
FAM98C	Q17RN3
ARMC9	A0JMA8
ARMC9	A1A5P5
ARMC9	E7F187
ARMC9	Q2KI89
ARMC9	Q5R629
ARMC9	Q5U245
ARMC9	Q7Z3E5
ARMC9	Q9D2I5
BEX1	P36397
BEX1	Q2PG52
BEX1	Q3MKQ2
BEX1	Q9HBH7
BEX1	Q9R224
LILRB4	Q8NHJ6
MOBP	Q13875
MOBP	Q63327
MOBP	Q9D2P8
FAM160A2	A7YY62
FAM160A2	B0V207
FAM160A2	Q3U2I3
FAM160A2	Q5R8V2
FAM160A2	Q66H54
FAM160A2	Q8N612
ERMN	Q3ZBR9
ERMN	Q5EBJ4
ERMN	Q5R6D6
ERMN	Q5RJL0
ERMN	Q8TAM6
C8orf86	Q6ZUL3
MS4A14	Q96JA4
NFAM1	Q8NET5
NFAM1	Q8R4V1
SPRR3	O09116
SPRR3	Q28658
SPRR3	Q9UBC9
IFT122	A8WGF4
IFT122	Q6NWV3
IFT122	Q6NYH1
IFT122	Q9HBG6
ZSCAN4	A1YFX5
ZSCAN4	A2T7G6
ZSCAN4	D2HQI1
ZSCAN4	Q8NAM6
BCAN	P41725
BCAN	P55068
BCAN	Q28062
BCAN	Q61361
BCAN	Q96GW7
JPH4	Q69FB3
JPH4	Q80WT0
JPH4	Q96JJ6
TRPM5	Q9JJH7
TRPM5	Q9NZQ8
IL1RAPL1	P59823
IL1RAPL1	P59824
IL1RAPL1	P60029
IL1RAPL1	Q7YQL9
IL1RAPL1	Q9NZN1
LEFTY1	O75610
LEFTY1	Q64280
FEM1A	Q29RM5
FEM1A	Q4V890
FEM1A	Q6P9Z4
FEM1A	Q9BSK4
FEM1A	Q9Z2G1
COL11A2	P13942
COL11A2	Q32S24
COL11A2	Q64739
PCDH15	Q0ZM14
PCDH15	Q96QU1
PCDH15	Q99PJ1
EPB42	O46510
EPB42	P16452
EPB42	P49222
FAM84A	Q3ZCA1
FAM84A	Q96KN4
FAM84A	Q9D650
GLRA2	F1R8P4
GLRA2	P22771
GLRA2	P23416
GLRA2	Q7TNC8
C17orf47	O43236
DRD5	P21918
DRD5	P25115
DRD5	P42290
DRD5	Q8BLD9
DRD5	Q95137
DRD5	Q95195
LYZL6	O75951
LYZL6	Q29RT1
LYZL6	Q9DA11
C9orf50	Q5SZB4
SEZ6	A0JNA2
SEZ6	Q53EL9
SEZ6	Q6AX42
SEZ6	Q7TSK2
RNF39	Q5TM52
RNF39	Q7YR31
RNF39	Q920M2
RNF39	Q9H2S5
ARL16	Q0P5N6
DANCR	P0C864
PTCHD1	Q14B62
PTCHD1	Q5RIV7
PTCHD1	Q96NR3
GRIN2D	O15399
GRIN2D	Q03391
GRIN2D	Q62645
ZRSR1	Q15695
ZRSR1	Q64707
NRROS	Q3ZBI5
NRROS	Q5BK65
NRROS	Q6AXL3
NRROS	Q86YC3
NRROS	Q8BMT4
UTF1	Q5T230
UTF1	Q6J1H4
PEAK3	Q6ZS72
ZNF479	Q96JC4
PDZD9	Q32KW7
PDZD9	Q4R989
PDZD9	Q8IXQ8
PDZD9	Q9D9M4
VSTM5	A8MXK1
VSTM5	Q5M7U7
VSTM5	Q9D806
FAM103A1	Q28HC9
FAM103A1	Q5R9Q6
FAM103A1	Q9BTL3
FAM103A1	Q9CQY2
DCLK3	Q8BWQ5
DCLK3	Q9C098
ELP6	B2RYG8
ELP6	O74385
ELP6	Q04868
ELP6	Q0IHA2
ELP6	Q0P424
ELP6	Q0PNE2
ELP6	Q28CX0
ELP6	Q8BK75
ELP6	Q8L9Y2
ELP6	Q9FYH7
ELP6	Q9GPT6
CCDC197	Q8NCU1
ASTN1	O14525
ASTN1	Q61137
ZNF747	Q9BV97
NPW	Q8K1M5
NPW	Q8MI35
NPW	Q8N729
SOSTDC1	Q5R5D2
SOSTDC1	Q642G2
SOSTDC1	Q6VYA3
SOSTDC1	Q6X4U4
SOSTDC1	Q9CQN4
DDX43	Q9NXZ2
PCSK6	P29122
PCSK6	Q63415
ALOX12	F1LQ70
ALOX12	P18054
ALOX12	P39655
ADAMTS9	Q9P2N4
CXorf66	Q5JRM2
RTL5	Q5DTT4
RTL5	Q5HYW3
LRRC37A	A6NMS7
GSN-AS1	Q9NRJ2
SPANXA1	Q9NS26
SH2D1B	O14796
SH2D1B	O35324
GRIN3B	O60391
GRIN3B	Q8VHN2
GRIN3B	Q91ZU9
FAM3D	P97805
FAM3D	Q96BQ1
UBE2F	Q1RMW1
UBE2F	Q5M8Y2
UBE2F	Q5U203
UBE2F	Q5ZKX6
UBE2F	Q6IRC7
UBE2F	Q6NY82
UBE2F	Q969M7
UBE2F	Q9CY34
C19orf24	Q9BVV8
GAGE13	Q4V321
MAT1A	P0CY06
MAT1A	P0CY10
MAT1A	P13444
MAT1A	Q00266
MAT1A	Q2KJC6
MAT1A	Q91X83
ALKAL1	F8W2C9
ALKAL1	J3QPP8
ALKAL1	Q6UXT8
NKIRAS2	Q32NS2
NKIRAS2	Q5ZJW6
NKIRAS2	Q6DGL2
NKIRAS2	Q9CR56
NKIRAS2	Q9NYR9
IZUMO2	Q6UXV1
IZUMO2	Q9DA16
DOPEY2	Q3UHQ6
DOPEY2	Q642P2
DOPEY2	Q9Y3R5
ABCC13	A2XCD4
ABCC13	Q10RX7
ABCC13	Q54V86
ABCC13	Q9SKX0
OR2W3	Q7Z3T1
SLC46A2	Q866G7
SLC46A2	Q8CA03
SLC46A2	Q9BY10
H2AFY2	Q8CCK0
H2AFY2	Q9P0M6
ALG6	O43053
ALG6	Q12001
ALG6	Q3T1L5
ALG6	Q3TAE8
ALG6	Q54QG6
ALG6	Q5NVS8
ALG6	Q802T2
ALG6	Q9VKX7
ALG6	Q9Y672
IFIT5	Q13325
ZNF236	Q9UL36
DCAF4L2	Q8NA75
KRT6B	P04259
KRT6B	Q9Z331
ALG3	A1CBE6
ALG3	A1DDZ3
ALG3	A2RA94
ALG3	A3LTB7
ALG3	A5DJQ5
ALG3	O82244
ALG3	P0CN92
ALG3	P0CN93
ALG3	P38179
ALG3	Q0TVF9
ALG3	Q2U6A4
ALG3	Q4WVG2
ALG3	Q55F69
ALG3	Q61144
ALG3	Q6BYY8
ALG3	Q6CMF1
ALG3	Q6DNA2
ALG3	Q6FXS2
ALG3	Q751K5
ALG3	Q8K2A8
ALG3	Q92685
ALG3	Q9Y7I4
PABPC1L2A	Q5JQF8
RBM42	A2VDB3
RBM42	Q0P5L0
RBM42	Q66KL9
RBM42	Q6AXT7
RBM42	Q6DRG1
RBM42	Q91V81
RBM42	Q9BTD8
CCDC177	Q3UHB8
CCDC177	Q9NQR7
GHR	O46600
GHR	P10912
GHR	P16310
GHR	P16882
GHR	P19756
GHR	P19941
GHR	P79108
GHR	P79194
GHR	Q02092
GHR	Q28575
GHR	Q90375
GHR	Q95JF2
GHR	Q95ML5
GHR	Q9JI97
GHR	Q9TU69
GHR	Q9XSZ1
B4GALT5	A0A1S6M251
B4GALT5	O43286
B4GALT5	Q3YL68
B4GALT5	Q9JMK0
CD109	Q6YHK3
CD109	Q8R422
GPRASP1	Q5JY77
GPRASP1	Q5U4C1
GPRASP1	Q920R4
PODN	Q7TQ62
PODN	Q7Z5L7
C5orf30	Q96GV9
CCDC154	A6NI56
CCDC154	Q6RUT8
RTFDC1	A5GFW7
RTFDC1	Q0VCR1
RTFDC1	Q3T1J8
RTFDC1	Q4R594
RTFDC1	Q54IS6
RTFDC1	Q5R9P9
RTFDC1	Q5ZJN1
RTFDC1	Q99K95
RTFDC1	Q9BY42
RNF145	Q0IJ20
RNF145	Q5BIY5
RNF145	Q5SWK7
RNF145	Q7ZWF4
RNF145	Q96MT1
PPEF2	O14830
PPEF2	O35385
GTSF1	Q3SZU0
GTSF1	Q4R8M9
GTSF1	Q8SWX0
GTSF1	Q8WW33
GTSF1	Q9DAN6
GARS	P41250
GARS	Q5I0G4
GARS	Q5RBL1
GARS	Q9CZD3
GARS	Q9VUK8
ST18	O60284
ST18	Q80TY4
ST18	Q9QX27
LRRC36	Q1X8D7
LRRC36	Q3V0M2
SGMS2	Q4JM44
SGMS2	Q4R763
SGMS2	Q8NHU3
SGMS2	Q9D4B1
LRRC53	A6NM62
LRRC53	Q9BGY6
DIMT1	Q2KHT8
DIMT1	Q54QK7
DIMT1	Q95KJ0
DIMT1	Q9D0D4
DIMT1	Q9UNQ2
INTS6L	Q5JSJ4
INTS6L	Q8BND4
TULP2	O00295
TULP2	P46686
TULP2	Q69U54
TULP2	Q8GVE5
TULP2	Q94DT9
FBXL19	Q6PB97
FBXL19	Q6PCT2
HERC5	Q9UII4
AJAP1	A2ALI5
AJAP1	Q0IIY7
AJAP1	Q4W8E7
AJAP1	Q9UKB5
CMPK2	Q3U5Q7
CMPK2	Q5EBM0
KRT3	P12035
KRT3	Q29426
DIEXF	Q5M9G7
DIEXF	Q5ZLG3
DIEXF	Q642T7
DIEXF	Q68CQ4
DIEXF	Q6PEH4
DIEXF	Q8BTT6
GLB1	O19015
GLB1	O24520
GLB1	P07803
GLB1	P15590
GLB1	P16278
GLB1	P23780
GLB1	Q42831
GLB1	Q54GE1
GLB1	Q58D55
GLB1	Q5R7P4
GLB1	Q60HF6
GLB1	Q6AUR2
GLB1	Q947C5
GLB1	Q9FVL0
GLB1	Q9FY42
GLB1	Q9M593
GLB1	Q9TRY9
GLB1	Q9ZST4
ADSS	A4Z6H1
ADSS	A7LBL2
ADSS	A7MBG0
ADSS	P30520
ADSS	P46664
ADSS	Q568F6
ADSS	Q5ZJL5
ADSS	Q7ZY87
ADSS	Q8IDF6
ADSS	Q9U8D3
ADSS	Q9Y0Y2
MAG	P07722
MAG	P20916
MAG	P20917
MAG	P22134
MAG	P39673
MAG	Q39147
MAG	Q8NU33
DGLUCY	Q7Z3D6
DGLUCY	Q8BH86
DCDC2B	A2VCK2
ACAT1	O77760
ACAT1	O77761
ACAT1	P17764
ACAT1	P24752
ACAT1	P35610
ACAT1	Q29RZ0
ACAT1	Q5BKN8
ACAT1	Q60457
ACAT1	Q6AZA0
ACAT1	Q8HXY6
ACAT1	Q8QZT1
C2orf73	Q8N5S3
CFAP77	A2BFC9
CFAP77	A8IB22
CFAP77	Q6ZQR2
TLL2	O57382
TLL2	Q9WVM6
TLL2	Q9Y6L7
PPARD	P35396
PPARD	P37233
PPARD	Q03181
PPARD	Q0ZAQ8
UBD	O15205
UBD	P63072
UBD	Q921A3
IGHV1-58	A0A0C4DH39
MYZAP	A9UM82
MYZAP	P0CAP1
MYZAP	Q3UIJ9
MYZAP	Q5EB94
OVOS1	Q6IE37
CNGB1	Q14028
CNGB1	Q28181
XYLB	B8H1Z0
XYLB	I1RII8
XYLB	O30360
XYLB	O75191
XYLB	P09099
XYLB	P12867
XYLB	P21939
XYLB	P26909
XYLB	P27155
XYLB	P27156
XYLB	P29444
XYLB	P35850
XYLB	P39211
XYLB	P39849
XYLB	P44401
XYLB	P45982
XYLB	P54271
XYLB	Q3MIF4
XYLB	Q3SYZ6
XYLB	Q3TNA1
XYLB	Q5HL88
XYLB	Q5R830
XYLB	Q8CR47
XYLB	Q9A9Z0
XYLB	Q9CFG8
XYLB	Q9RK00
SEMA3B	Q13214
SEMA3B	Q62177
ADAMTS6	Q9UKP5
AK6	A5PJA1
AK6	Q5EB68
AK6	Q7JYV7
AK6	Q8VCP8
AK6	Q9TTU2
AK6	Q9UIJ7
AK6	Q9Y3D8
LAX1	Q58CT8
LAX1	Q5FVQ5
LAX1	Q7XAQ6
LAX1	Q8BHB3
LAX1	Q8IWV1
LAX1	Q9FEL8
LAX1	Q9LFB2
ZNF180	Q9UJW8
CISD3	B1AR13
CISD3	P0C7P0
PCDHGB5	Q5DRA7
PCDHGB5	Q9Y5G0
NUDT21	O43809
NUDT21	Q3ZCA2
NUDT21	Q4KM65
NUDT21	Q55E68
NUDT21	Q5RAI8
NUDT21	Q6DJE4
NUDT21	Q7T3C6
NUDT21	Q8VY81
NUDT21	Q9CQF3
PCOLCE2	Q8R4W6
PCOLCE2	Q9UKZ9
CDK5RAP1	Q54KV4
CDK5RAP1	Q8BTW8
CDK5RAP1	Q96SZ6
CDK5RAP1	Q9JLH6
SNRNP35	Q05AT9
SNRNP35	Q16560
SNRNP35	Q1LZH0
SNRNP35	Q4KMD3
SNRNP35	Q5U1W5
SNRNP35	Q8VY74
SNRNP35	Q9D384
DNAH2	P0C6F1
DNAH2	Q9P225
BOLA2	Q8BGS2
BOLA2	Q9FIC3
BOLA2	Q9H3K6
DMKN	A2VE23
DMKN	Q6E0U4
DMKN	Q6P253
LOX	P16636
LOX	P23623
LOX	P28300
LOX	P28301
LOX	P33072
LOX	P45845
LOX	Q05063
LOX	Q8RNT4
LOX	Q8Z0C8
CBY3	A6NI87
CBY3	Q9CVN6
TMOD2	P70566
TMOD2	Q9JKK7
TMOD2	Q9NZR1
ZNF124	Q15973
MARS	P56192
MARS	Q2T9L8
MARS	Q5UR82
MARS	Q68FL6
MARS	Q6PF21
MARS	Q7K3L1
SLC25A17	O43808
SLC25A17	O70579
SLC25A17	Q76P23
TIMD4	Q6U7R4
TIMD4	Q96H15
EMC1	O13981
EMC1	P25574
EMC1	Q5R7K6
EMC1	Q5ZL00
EMC1	Q6NRB9
EMC1	Q8C7X2
EMC1	Q8N766
C1orf115	Q9H7X2
ADGRA1	Q86SQ6
ADGRA1	Q8C4G9
FGF3	P05524
FGF3	P11487
FGF3	P36386
FGF3	P48801
FGF3	P48802
PNPLA4	P41247
DHH	O17468
DHH	O43323
DHH	P79712
DHH	P79729
DHH	P79853
DHH	Q61488
ARSH	B7J950
ARSH	P74312
ARSH	Q32KH8
ARSH	Q5FYA8
ARSH	Q7UC03
ARSH	Q92R45
DHRS2	Q13268
IFIT2	P09913
IFIT2	Q60462
IFIT2	Q64112
C6orf203	Q9P0P8
MMP24	Q99PW6
MMP24	Q9R0S2
MMP24	Q9Y5R2
XAGE1A	Q9HD64
DMRTA1	Q5VZB9
DMRTA1	Q8CFG4
SETD6	A4QNG5
SETD6	C0H8I2
SETD6	D3ZSK5
SETD6	E1BI64
SETD6	Q5ZK17
SETD6	Q6INM2
SETD6	Q803K4
SETD6	Q8TBK2
SETD6	Q9CWY3
HSPB9	Q2TBQ6
HSPB9	Q9BQS6
HSPB9	Q9DAM3
C10orf67	Q8IYJ2
ADAMTS10	P58459
ADAMTS10	Q9H324
LAMC1	A0JP86
LAMC1	P02468
LAMC1	P11047
LAMC1	P15215
LAMC1	Q1LVF0
ALDH3A1	A3RF36
ALDH3A1	P11883
ALDH3A1	P30838
ALDH3A1	P30907
ALDH3A1	P47739
C5orf34	Q96MH7
F8	O18806
F8	P00451
F8	P12263
F8	P29884
F8	Q06194
IL17F	A6N6I9
IL17F	Q5BJ95
IL17F	Q7TNI7
IL17F	Q96PD4
SDCCAG3	A2AIW0
SDCCAG3	A2CE83
SDCCAG3	Q28GJ0
SDCCAG3	Q2KJD6
SDCCAG3	Q96C92
CPNE4	Q8BLR2
CPNE4	Q96A23
MUC19	P98091
MUC19	Q6JHY2
MUC19	Q6PZE0
MUC19	Q7Z5P9
KLB	Q86Z14
KLB	Q99N32
ELANE	P08246
ELANE	Q3UP87
COQ10B	Q3THF9
COQ10B	Q567E6
COQ10B	Q5I0I9
COQ10B	Q5RD79
COQ10B	Q6GNP0
COQ10B	Q9H8M1
NEU2	Q64393
NEU2	Q64627
NEU2	Q9JMH3
NEU2	Q9Y3R4
OR13G1	Q8NGZ3
LARS	Q5R614
LARS	Q8BMJ2
LARS	Q9P2J5
NUP37	G0S2X1
NUP37	Q8NFH4
NUP37	Q9CWU9
NUP37	Q9VBU8
THNSL2	Q2YDP8
THNSL2	Q5M7T9
THNSL2	Q5RFE6
THNSL2	Q5XH07
THNSL2	Q80W22
THNSL2	Q86YJ6
IRGC	Q32KW9
IRGC	Q6AYF9
IRGC	Q6NXR0
IRGC	Q8C262
KRT79	Q148H7
KRT79	Q5XKE5
KRT79	Q8VED5
SPRR2B	O70554
SPRR2B	P35325
GFI1B	O42409
GFI1B	O70237
GFI1B	Q5VTD9
GFI1B	Q6DCW1
ZNF333	Q96JL9
RGPD5	Q99666
